user_id,username,segment,city,default_lat,default_lng,joined_at
18bc79e0-fa16-4455-843b-657ce177260f,user_0000,casual,Madison,43.0731,-89.4012,2024-02-02
bbe48ccc-f387-466d-97e2-c37df8c907c3,user_0001,one_timer,Minneapolis,44.9778,-93.265,2024-02-16
ece6b760-1db3-4f6e-9228-90c36c1562bd,user_0002,regular,Minneapolis,44.9778,-93.265,2024-11-20
aaf5003f-4ef0-4808-90b2-6a7d61be0448,user_0003,casual,Detroit,42.3314,-83.0458,2024-12-20
e929633d-7e79-416f-9dd7-8cec593274c0,user_0004,regular,Madison,43.0731,-89.4012,2024-05-29
e409ba8c-5f00-44cc-a9ce-342ca6956c61,user_0005,regular,Detroit,42.3314,-83.0458,2024-02-17
b36ebd73-0009-4af0-8a8d-55a331ccf0b9,user_0006,casual,Minneapolis,44.9778,-93.265,2024-02-05
18925d63-2153-402e-9fbc-ebb8684ed43b,user_0007,casual,Detroit,42.3314,-83.0458,2024-09-06
2e22e62f-6cec-4623-9dbe-a2f217f49051,user_0008,regular,Chicago,41.8781,-87.6298,2024-03-30
ad625d7d-a9eb-400c-97af-20b7abfe3156,user_0009,casual,Chicago,41.8781,-87.6298,2024-07-21
6da4b729-a300-41b7-afd6-1f2be0013080,user_0010,one_timer,Detroit,42.3314,-83.0458,2024-11-08
6c5eeceb-ebd8-4b10-8dae-3be5ce2b8077,user_0011,one_timer,Minneapolis,44.9778,-93.265,2024-10-13
8b4a47d6-3578-42bc-ba48-69edbc785c9a,user_0012,regular,Detroit,42.3314,-83.0458,2024-10-08
75f99593-8df5-46db-9dbd-615cf91fbca5,user_0013,casual,Detroit,42.3314,-83.0458,2024-05-19
7de9d8e7-f6d2-4c63-8db0-496ff5336f7d,user_0014,one_timer,Chicago,41.8781,-87.6298,2024-06-15
23d27cc5-fcdf-4b93-822e-3959bde54dfe,user_0015,regular,Detroit,42.3314,-83.0458,2024-04-09
e7c0f561-fe7c-4106-9553-779026b2b4b6,user_0016,one_timer,Minneapolis,44.9778,-93.265,2024-06-28
c063a390-335b-4712-8231-1d173e8b2fc4,user_0017,casual,Detroit,42.3314,-83.0458,2024-05-31
6ffdfbc1-2747-411f-be52-c49bda71b528,user_0018,casual,Madison,43.0731,-89.4012,2024-10-16
5a59d999-cee8-458b-aefc-3b1f9b66cd1e,user_0019,casual,Detroit,42.3314,-83.0458,2024-12-15
039fad99-1605-4beb-8244-c54059a848be,user_0020,one_timer,Milwaukee,43.0389,-87.9065,2024-07-16
0f45d26e-ed34-4117-bb0e-1da9e2c2059d,user_0021,casual,Milwaukee,43.0389,-87.9065,2024-01-08
d3626f5f-d307-40a5-978c-c820e5bac5b0,user_0022,casual,Madison,43.0731,-89.4012,2024-02-13
565b4faf-6021-4bb5-8ef1-0f21a6b59242,user_0023,one_timer,Detroit,42.3314,-83.0458,2024-11-30
8dfc91e8-0a51-4151-bcdf-263bceec5c8e,user_0024,power,Minneapolis,44.9778,-93.265,2024-12-17
4fc267aa-4325-4852-b2b4-3b137c7cceb1,user_0025,one_timer,Minneapolis,44.9778,-93.265,2024-12-07
0e56b35c-3c88-4e34-a911-53cf1cf49ea8,user_0026,casual,Milwaukee,43.0389,-87.9065,2024-06-20
69f7163d-abe7-43dd-84c9-81bf104055ef,user_0027,casual,Minneapolis,44.9778,-93.265,2024-09-29
2bf20b3b-7da4-47f1-9608-310660fb805d,user_0028,casual,Detroit,42.3314,-83.0458,2024-09-19
bff4375b-7421-49e9-87ec-62983c670f9a,user_0029,casual,Detroit,42.3314,-83.0458,2024-01-06
fca6842d-e485-4d25-a13b-d22b460078e7,user_0030,regular,Minneapolis,44.9778,-93.265,2024-10-06
ddb94e1a-c9f1-4615-bd0a-4d9a6d63a1de,user_0031,casual,Detroit,42.3314,-83.0458,2024-02-15
f5f75927-7360-4921-b1c1-1b3c21958b2a,user_0032,casual,Detroit,42.3314,-83.0458,2024-12-16
4e9e5ac2-9fd1-4ea4-8986-fe411e257c3e,user_0033,regular,Minneapolis,44.9778,-93.265,2024-06-01
6892b6c4-7c33-4796-8d87-3bf5dc577b47,user_0034,casual,Minneapolis,44.9778,-93.265,2024-11-05
eea2492c-d119-4490-8e4f-4e42a40ced1d,user_0035,power,Chicago,41.8781,-87.6298,2024-03-25
b62ba580-fe99-4259-ae43-60c7e8c4ab4e,user_0036,one_timer,Chicago,41.8781,-87.6298,2024-02-11
1dc08e84-4d9d-43ea-a6a2-ce922741e4b7,user_0037,regular,Chicago,41.8781,-87.6298,2024-09-29
7f6535db-acd6-486b-bf85-d9b98199b4b9,user_0038,casual,Chicago,41.8781,-87.6298,2024-11-30
f968a22b-d84f-435d-b732-3f550db24488,user_0039,casual,Madison,43.0731,-89.4012,2024-01-08
58cc58a4-d13f-4693-917d-bfc2485af50e,user_0040,one_timer,Milwaukee,43.0389,-87.9065,2024-09-25
2a1b7ae2-d714-4935-8acd-74ee4bdde60b,user_0041,casual,Milwaukee,43.0389,-87.9065,2024-04-01
9007fc16-f35c-40c6-9d40-3764f11e2ffb,user_0042,casual,Minneapolis,44.9778,-93.265,2024-09-08
6a07f0e2-f905-4852-853f-13c0c5c4a395,user_0043,casual,Minneapolis,44.9778,-93.265,2024-08-22
ef33a470-e377-407d-9ce9-99f80c395d02,user_0044,one_timer,Milwaukee,43.0389,-87.9065,2024-06-07
bae1e849-df24-4c08-8c43-8efb4a6c8664,user_0045,regular,Detroit,42.3314,-83.0458,2024-05-13
071dfc68-5b41-4275-bf72-d96b73aeeae1,user_0046,regular,Minneapolis,44.9778,-93.265,2024-10-08
3b0cf123-7969-4817-8da6-0a5be2881a47,user_0047,casual,Chicago,41.8781,-87.6298,2024-07-13
a013855c-2bcb-4eac-91bb-128af8ee6d26,user_0048,casual,Minneapolis,44.9778,-93.265,2024-07-02
b5a1fc0d-ae31-447d-9fc4-53dd47c24e6a,user_0049,casual,Milwaukee,43.0389,-87.9065,2024-12-07
0e7807bd-9f43-46d3-8ea2-e7c27cd99afb,user_0050,regular,Minneapolis,44.9778,-93.265,2024-01-19
133b6ffb-88c1-4d77-8028-ad06b44c37ab,user_0051,regular,Chicago,41.8781,-87.6298,2024-06-19
87b7ebc3-eaca-4138-93cb-7eaaa152baca,user_0052,one_timer,Minneapolis,44.9778,-93.265,2024-10-13
775e2439-cba6-4338-92a2-9aefcb62e911,user_0053,casual,Detroit,42.3314,-83.0458,2024-10-09
858b9346-9f0d-4bd1-923d-0dd09ed09914,user_0054,regular,Detroit,42.3314,-83.0458,2024-02-01
7ba9a0bf-66ed-4ad9-be0e-60669d22fd73,user_0055,casual,Minneapolis,44.9778,-93.265,2024-05-17
f657b3ef-21f4-401e-8616-f26a7112563d,user_0056,casual,Milwaukee,43.0389,-87.9065,2024-01-12
43ec988d-0e62-4b83-9838-f3daa203eb3d,user_0057,regular,Minneapolis,44.9778,-93.265,2024-04-20
8c5f2c75-546a-4e19-826a-43005c800691,user_0058,regular,Minneapolis,44.9778,-93.265,2024-08-30
09ee5682-2806-41a8-ad95-3092c6fd8e80,user_0059,one_timer,Minneapolis,44.9778,-93.265,2024-03-28
b364eee9-9bcb-445f-ad3f-ed5e083e8e10,user_0060,casual,Chicago,41.8781,-87.6298,2024-10-26
d0a479ec-9200-4d73-93ac-0b10b352111a,user_0061,one_timer,Madison,43.0731,-89.4012,2024-10-19
7b326a58-54b2-4bcc-8b52-4ff8ca7b60f1,user_0062,power,Milwaukee,43.0389,-87.9065,2024-09-11
4b765d59-5414-45ad-90a9-3666dea67287,user_0063,casual,Madison,43.0731,-89.4012,2024-09-25
44f7801d-beeb-4685-957b-d4b6bead1bf9,user_0064,power,Madison,43.0731,-89.4012,2024-01-26
271ddd52-003c-4bf9-bd12-1651f7223219,user_0065,regular,Milwaukee,43.0389,-87.9065,2024-03-07
ad17a54d-7e6e-4c27-9b6d-6ce0c633f43f,user_0066,casual,Detroit,42.3314,-83.0458,2024-07-16
3a2921f5-be39-4d08-bc40-4298372b1927,user_0067,casual,Chicago,41.8781,-87.6298,2024-02-24
da09c21d-af2b-4e00-ab21-6b32f01a1184,user_0068,one_timer,Detroit,42.3314,-83.0458,2024-12-20
3bd5ba7c-5b65-4861-b32b-f2557b86ea69,user_0069,one_timer,Chicago,41.8781,-87.6298,2024-01-14
0542814d-3f8d-4c33-bbc0-3aaa92378597,user_0070,regular,Madison,43.0731,-89.4012,2024-07-18
18bb590d-68d6-4e4a-bd8c-ec34a87b671d,user_0071,one_timer,Minneapolis,44.9778,-93.265,2024-06-06
9f195bce-40a3-48d6-913a-24b5de0506ff,user_0072,casual,Madison,43.0731,-89.4012,2024-03-30
cadd1013-584a-41f5-8200-a9c506faa2e0,user_0073,casual,Chicago,41.8781,-87.6298,2024-11-03
da306a1c-d9cd-43c8-aced-37e54c1c707b,user_0074,one_timer,Madison,43.0731,-89.4012,2024-06-08
af5431b6-ade6-46ee-88b9-8f4261e7b6c2,user_0075,one_timer,Minneapolis,44.9778,-93.265,2024-05-13
494f00a6-d226-4f7e-a050-f2fe0226fc6d,user_0076,casual,Detroit,42.3314,-83.0458,2024-12-03
f240b819-c9c3-4b8e-8c86-49d8293b4278,user_0077,casual,Minneapolis,44.9778,-93.265,2024-03-01
f2dae530-945f-4b0c-a34e-40fd51f09ece,user_0078,casual,Minneapolis,44.9778,-93.265,2024-01-16
477b7a42-8acf-4ffb-ae58-2a14d6386acc,user_0079,regular,Milwaukee,43.0389,-87.9065,2024-11-27
c4daf70d-58ec-4299-a169-eab7a03d42b1,user_0080,power,Detroit,42.3314,-83.0458,2024-04-08
f07628c1-204d-46b1-a76d-b60aad226009,user_0081,power,Detroit,42.3314,-83.0458,2024-01-22
cf963777-0395-4727-8eff-b048b812f8c5,user_0082,one_timer,Minneapolis,44.9778,-93.265,2024-06-06
8a3e2593-9a38-4954-acf7-439e7a7b5bcf,user_0083,casual,Milwaukee,43.0389,-87.9065,2024-05-25
c0fd2982-9b91-4457-a984-06ccc55aac0c,user_0084,one_timer,Minneapolis,44.9778,-93.265,2024-08-09
9afedc0e-cf3a-4120-8527-beebeae94a06,user_0085,one_timer,Detroit,42.3314,-83.0458,2024-09-13
89ba3330-f5ca-43a4-abfd-8a722615fdf7,user_0086,casual,Madison,43.0731,-89.4012,2024-06-17
da04188e-2968-454c-bf44-792d450c411e,user_0087,regular,Milwaukee,43.0389,-87.9065,2024-12-25
74ad4bc0-e881-4041-9ade-e8909c4c8515,user_0088,one_timer,Chicago,41.8781,-87.6298,2024-12-17
01d35068-ab92-4cfb-aa25-8161458342da,user_0089,power,Chicago,41.8781,-87.6298,2024-10-16
b2029431-e9f4-4026-b84d-073f790276cb,user_0090,regular,Madison,43.0731,-89.4012,2024-01-21
5b1ba7ab-e063-403a-a0d5-d912f86b42b8,user_0091,casual,Milwaukee,43.0389,-87.9065,2024-10-09
cdbd50cf-957d-4275-9814-a3d441a804f1,user_0092,casual,Detroit,42.3314,-83.0458,2024-04-05
fa8f654c-7e47-4c91-99a8-cf553eb75fa9,user_0093,casual,Minneapolis,44.9778,-93.265,2024-11-07
07080c4f-bc21-4bff-b199-da381e2299f9,user_0094,casual,Madison,43.0731,-89.4012,2024-06-04
4d032d3d-a933-49e4-9e5d-01dbef757241,user_0095,regular,Minneapolis,44.9778,-93.265,2024-09-12
6d984071-7fa3-437e-b043-9af2d46c26fd,user_0096,regular,Detroit,42.3314,-83.0458,2024-01-31
048b8e12-ece7-468d-9b32-3bb7dc4ad226,user_0097,one_timer,Detroit,42.3314,-83.0458,2024-06-14
59ddb9d1-f3e5-4f82-b027-d9c06c0fbb18,user_0098,one_timer,Detroit,42.3314,-83.0458,2024-07-23
3f6ed640-a51a-43ca-894e-8fcac51f298f,user_0099,casual,Minneapolis,44.9778,-93.265,2024-04-19
8d65cec8-2d9f-48f1-84cc-ed740e71cb1e,user_0100,casual,Chicago,41.8781,-87.6298,2024-01-23
0be068b1-b8db-4a97-9274-74ce843ed428,user_0101,one_timer,Milwaukee,43.0389,-87.9065,2024-10-24
71362b8f-c8b6-4b52-ad71-09ade78d2120,user_0102,casual,Detroit,42.3314,-83.0458,2024-04-26
9636d335-90a0-4d2a-b28a-14db30a791a6,user_0103,one_timer,Milwaukee,43.0389,-87.9065,2024-01-15
35a61fce-403b-4210-930e-37db609b593b,user_0104,regular,Detroit,42.3314,-83.0458,2024-08-19
4dacb442-14b2-46ee-96cc-7fdad843253b,user_0105,casual,Milwaukee,43.0389,-87.9065,2024-06-01
cff87ede-b85c-4d77-ba03-60e123627991,user_0106,casual,Chicago,41.8781,-87.6298,2024-01-11
f3c306ea-63b7-4eb8-bb3b-17c78d2476a9,user_0107,one_timer,Madison,43.0731,-89.4012,2024-04-27
44ed3c85-492f-4316-a532-f3fde47efb1f,user_0108,casual,Madison,43.0731,-89.4012,2024-03-10
f4cf5144-e876-4f09-af87-d8033a96ac1f,user_0109,casual,Chicago,41.8781,-87.6298,2024-12-01
30ccb127-9ffd-4af1-8d0e-51b185da139a,user_0110,power,Madison,43.0731,-89.4012,2024-06-29
ba7e35ec-d1c9-433b-b150-028f4f067c05,user_0111,one_timer,Chicago,41.8781,-87.6298,2024-04-02
19ecf631-bc65-4606-a260-0cac1766198f,user_0112,regular,Minneapolis,44.9778,-93.265,2024-02-11
a5f7f804-a66f-48d0-a126-b33353dada53,user_0113,regular,Madison,43.0731,-89.4012,2024-01-11
4642c093-d016-4df7-90d4-a8391f4cdb19,user_0114,casual,Madison,43.0731,-89.4012,2024-02-15
bdd43c55-60e1-48b3-8965-f522422a6e2b,user_0115,one_timer,Minneapolis,44.9778,-93.265,2024-07-04
e440be06-19e4-47d4-a9f3-fd3670f3612a,user_0116,one_timer,Madison,43.0731,-89.4012,2024-02-03
f80a515d-f780-4d32-b36d-a35be410089c,user_0117,casual,Detroit,42.3314,-83.0458,2024-08-05
a69a5de9-6fef-4bc4-8436-6af68d165ecf,user_0118,power,Milwaukee,43.0389,-87.9065,2024-11-05
05f09471-c7e3-4751-933c-fd212311cbe2,user_0119,casual,Minneapolis,44.9778,-93.265,2024-07-25
d8cef232-08b0-457c-8b14-0e1a024b0d11,user_0120,power,Minneapolis,44.9778,-93.265,2024-10-08
75504784-17e6-41d3-acca-7de2da00b3a2,user_0121,casual,Chicago,41.8781,-87.6298,2024-03-13
fa4d7832-c590-497b-b851-c5307699ed63,user_0122,one_timer,Detroit,42.3314,-83.0458,2024-08-26
006ab9f8-4996-482d-a054-9f0378460ecf,user_0123,casual,Madison,43.0731,-89.4012,2024-10-18
96cde805-ac0c-4140-8523-14645476e5e9,user_0124,casual,Milwaukee,43.0389,-87.9065,2024-10-20
37542211-66a8-47a6-bc9f-1690a27b448f,user_0125,one_timer,Milwaukee,43.0389,-87.9065,2024-05-29
40031f44-fef9-467b-8700-e20631064593,user_0126,casual,Detroit,42.3314,-83.0458,2024-10-07
ac6f73ed-bad3-4fde-b6c2-1f7c83f6ccee,user_0127,casual,Madison,43.0731,-89.4012,2024-12-14
481e82e1-7ae4-4c51-af12-f82043481e53,user_0128,regular,Detroit,42.3314,-83.0458,2024-12-22
1cdfae95-b4d6-4038-8147-c4f3d88d07ec,user_0129,casual,Madison,43.0731,-89.4012,2024-01-17
a519cca0-52d6-49e4-b080-390c29f208b5,user_0130,casual,Chicago,41.8781,-87.6298,2024-02-19
1a88a395-b586-4189-975b-211cb19467ac,user_0131,power,Milwaukee,43.0389,-87.9065,2024-12-13
9c6ce167-8b4f-4a29-accb-55934dfcd35a,user_0132,power,Milwaukee,43.0389,-87.9065,2024-09-28
f8db6b81-9787-4ff0-9844-412a180f5807,user_0133,one_timer,Detroit,42.3314,-83.0458,2024-02-28
881be873-290e-4193-8476-06eb51f88388,user_0134,casual,Chicago,41.8781,-87.6298,2024-01-16
23f38760-86cb-438c-a64c-37bfe81da62d,user_0135,regular,Madison,43.0731,-89.4012,2024-04-06
4581802a-b6da-41f6-aca9-2048fb85d73c,user_0136,casual,Detroit,42.3314,-83.0458,2024-02-18
edd281db-3e07-442b-86d0-8a4765fce028,user_0137,casual,Madison,43.0731,-89.4012,2024-02-28
42811ddd-ac49-4ab7-9e48-9d51e713e252,user_0138,one_timer,Chicago,41.8781,-87.6298,2024-06-13
a3fd7c0c-fa2f-4472-877e-d0accdb37848,user_0139,one_timer,Detroit,42.3314,-83.0458,2024-12-13
1d7cfc8b-84ce-4d17-ac4a-81cc7623a1ad,user_0140,regular,Madison,43.0731,-89.4012,2024-01-01
0331581c-570b-4d77-86c5-330d1c69274b,user_0141,one_timer,Chicago,41.8781,-87.6298,2024-07-13
1da5346d-0b5e-44fd-80af-027304511a3a,user_0142,regular,Madison,43.0731,-89.4012,2024-12-06
69d2dc33-2ddc-4a4b-bacf-86f20a5a5f5c,user_0143,casual,Detroit,42.3314,-83.0458,2024-12-03
f06b793d-bbc9-4656-b738-2750a00f83c8,user_0144,regular,Detroit,42.3314,-83.0458,2024-06-07
e058a3c1-973e-46e8-99a4-7f3937a40503,user_0145,regular,Minneapolis,44.9778,-93.265,2024-09-22
7b0bfc76-9a75-49f4-905b-55e7abb670dd,user_0146,one_timer,Milwaukee,43.0389,-87.9065,2024-02-03
9766a65f-0e2b-4aba-a9a6-2b9a488e88a9,user_0147,casual,Madison,43.0731,-89.4012,2024-07-12
80e415b2-97a5-4a7f-ac5e-e7c524b98bc6,user_0148,casual,Minneapolis,44.9778,-93.265,2024-02-24
6f0da72b-170f-4d42-993c-b004e72b181f,user_0149,one_timer,Madison,43.0731,-89.4012,2024-05-28
7ad61e7d-821e-4dc6-b759-9c1cf2418860,user_0150,casual,Minneapolis,44.9778,-93.265,2024-10-20
e944efd1-e275-41be-a081-4c97adac7ef0,user_0151,regular,Minneapolis,44.9778,-93.265,2024-04-10
9ea28b57-9e57-4243-a3fa-e97fb2c6de5e,user_0152,one_timer,Madison,43.0731,-89.4012,2024-07-18
efa30602-f9e0-4daf-95b5-43c0dd383a50,user_0153,casual,Chicago,41.8781,-87.6298,2024-12-22
3fdf9f3a-9600-4e92-8f34-454f3462521f,user_0154,casual,Detroit,42.3314,-83.0458,2024-11-05
b5f5a348-95a1-42e4-abd5-2346ab5abadd,user_0155,one_timer,Minneapolis,44.9778,-93.265,2024-03-30
3d630292-75a9-431a-bdd7-92727f95b31d,user_0156,casual,Milwaukee,43.0389,-87.9065,2024-08-16
44c4b9b7-4a9b-4b18-8b5b-620925b3b08c,user_0157,power,Minneapolis,44.9778,-93.265,2024-08-01
7eeaa194-0030-4ae9-ab64-600f690ea7c5,user_0158,one_timer,Milwaukee,43.0389,-87.9065,2024-06-14
49ed6b20-3259-4f91-82e4-64906bf18618,user_0159,power,Milwaukee,43.0389,-87.9065,2024-02-26
ec555012-c463-43e9-a599-49a6a40522a4,user_0160,regular,Minneapolis,44.9778,-93.265,2024-04-01
c9f5e72b-9df3-4c29-85f5-50d1af56fafd,user_0161,casual,Detroit,42.3314,-83.0458,2024-06-03
aeaa04ca-ac44-4783-bc1c-2400ee8b5a7f,user_0162,casual,Chicago,41.8781,-87.6298,2024-01-12
81bfad42-b900-4ad3-9b2c-b94612e06e14,user_0163,casual,Minneapolis,44.9778,-93.265,2024-06-04
5ce32bbd-1853-4e73-8956-3a9bbb01d8c6,user_0164,casual,Madison,43.0731,-89.4012,2024-05-24
f7c04b5a-8e43-4f12-a62e-40ea8dee6b3b,user_0165,casual,Milwaukee,43.0389,-87.9065,2024-11-16
04b2d5c1-5857-47c0-a3c0-103cbf91fff7,user_0166,regular,Detroit,42.3314,-83.0458,2024-03-23
83e13fe1-1288-4cdf-a904-ef39e21ce1f4,user_0167,casual,Minneapolis,44.9778,-93.265,2024-08-26
dd30e847-d3dd-46ea-b884-c15562634783,user_0168,one_timer,Minneapolis,44.9778,-93.265,2024-06-14
1ca65d53-84df-4987-ac6f-5f22f4480d33,user_0169,one_timer,Milwaukee,43.0389,-87.9065,2024-06-18
68db3434-a6a2-4392-a32c-33c167248f2d,user_0170,casual,Chicago,41.8781,-87.6298,2024-01-17
a0b4e51a-f4c7-4f34-9e53-deec1dab4fb6,user_0171,casual,Detroit,42.3314,-83.0458,2024-05-23
a6ac1874-88b2-43ad-8b35-d2e4cf0fdab6,user_0172,one_timer,Chicago,41.8781,-87.6298,2024-09-29
e2c907d1-baeb-4e44-8e71-b090755b7e39,user_0173,power,Detroit,42.3314,-83.0458,2024-04-04
f8c4ecae-7d38-40f9-ae86-a9628136bb9b,user_0174,regular,Minneapolis,44.9778,-93.265,2024-10-02
9f4c6493-d330-4ff6-9b78-88ada1e6e760,user_0175,regular,Chicago,41.8781,-87.6298,2024-01-25
3ab753a1-6b09-43c0-9cfe-f99c1d6c3105,user_0176,casual,Chicago,41.8781,-87.6298,2024-10-29
47ef1fbd-e9c1-45e1-b249-20fc6b9239bd,user_0177,power,Detroit,42.3314,-83.0458,2024-08-01
0be5be22-6a80-4fb7-bd86-fc0a0f2eb3ad,user_0178,one_timer,Minneapolis,44.9778,-93.265,2024-07-09
9435c6d7-2a3a-49e9-bc91-f133eb2829f9,user_0179,one_timer,Minneapolis,44.9778,-93.265,2024-05-11
775adc9b-694e-4fd3-987d-936d31f62b4f,user_0180,casual,Milwaukee,43.0389,-87.9065,2024-10-01
e67e772a-29b1-41b8-a005-9f1fa1534c75,user_0181,casual,Milwaukee,43.0389,-87.9065,2024-11-07
187a2fb4-6da9-47a3-b030-08ee724b4631,user_0182,casual,Minneapolis,44.9778,-93.265,2024-06-19
2a02a8c9-58d8-430f-962f-b16646f89bf1,user_0183,one_timer,Minneapolis,44.9778,-93.265,2024-06-29
fe28714b-0fc9-4ef1-b6a3-defbc3a973e2,user_0184,one_timer,Minneapolis,44.9778,-93.265,2024-10-18
ccffec7d-6de2-4cc9-b94f-59a742787212,user_0185,regular,Minneapolis,44.9778,-93.265,2024-12-06
65238ade-7c89-4ab2-a6c6-f4ec93442a2c,user_0186,regular,Detroit,42.3314,-83.0458,2024-12-20
174f02fc-f8ab-4b76-9a63-ea85277941a3,user_0187,one_timer,Chicago,41.8781,-87.6298,2024-09-20
5bd985d0-d17d-47d4-818b-5ee9350a1906,user_0188,regular,Minneapolis,44.9778,-93.265,2024-12-28
9a867117-c0cf-422c-b0a7-4f51060dd5db,user_0189,casual,Madison,43.0731,-89.4012,2024-01-15
89ae8f09-7401-442d-8d7d-f4994699548c,user_0190,casual,Chicago,41.8781,-87.6298,2024-06-14
a8d07a64-416e-4d75-949c-75b0e480c48d,user_0191,casual,Minneapolis,44.9778,-93.265,2024-07-25
bc8e5e98-0f49-4165-881d-d41b1ca40276,user_0192,casual,Minneapolis,44.9778,-93.265,2024-10-16
66a65db4-3c79-4a00-afcb-021d411e7ce7,user_0193,one_timer,Madison,43.0731,-89.4012,2024-07-25
2af4c6e9-e502-4a16-8e14-3b047d94ed5c,user_0194,regular,Madison,43.0731,-89.4012,2024-03-21
075edbd1-b02f-41e8-b2b3-ca8a895102df,user_0195,casual,Chicago,41.8781,-87.6298,2024-09-08
bc98a848-5790-4ed9-a8ba-8fb68f614cb7,user_0196,regular,Milwaukee,43.0389,-87.9065,2024-07-28
54674073-d534-47c2-8abd-11af426fbccc,user_0197,regular,Milwaukee,43.0389,-87.9065,2024-10-22
16077633-cef4-47c2-8d0e-512e1a74dece,user_0198,casual,Madison,43.0731,-89.4012,2024-05-13
a63fe379-1aae-4cfa-be44-33ba83a3a191,user_0199,one_timer,Milwaukee,43.0389,-87.9065,2024-09-14
6062e17f-cb3c-4b27-9fdd-0d0a764ebdbc,user_0200,casual,Milwaukee,43.0389,-87.9065,2024-01-02
e6619e5e-1377-4bd8-9b1d-343f684e0350,user_0201,casual,Chicago,41.8781,-87.6298,2024-01-24
26f542a8-37d8-465e-a713-b88fe042c2fb,user_0202,one_timer,Madison,43.0731,-89.4012,2024-02-16
e1f8b717-06c0-4a57-9fba-3554835c372d,user_0203,one_timer,Detroit,42.3314,-83.0458,2024-07-17
9c9e5a45-390e-41ee-8291-24bb9156fd24,user_0204,casual,Minneapolis,44.9778,-93.265,2024-04-12
b50a010a-8fcb-4236-a1bf-653729dff4af,user_0205,one_timer,Chicago,41.8781,-87.6298,2024-10-11
0eb0411e-40b7-4ca6-8c0c-8b46f25138be,user_0206,regular,Minneapolis,44.9778,-93.265,2024-05-19
06c9b189-5fab-49c3-8526-384f73361c21,user_0207,power,Minneapolis,44.9778,-93.265,2024-01-24
e25b5b79-f242-4890-9813-13ec66cb799a,user_0208,casual,Milwaukee,43.0389,-87.9065,2024-11-11
f8217e73-87ee-49c1-95c4-52d4cf7d8aa4,user_0209,regular,Chicago,41.8781,-87.6298,2024-06-08
21334859-890a-4123-844e-744aff6d9393,user_0210,one_timer,Madison,43.0731,-89.4012,2024-02-29
38ed1681-87bb-46c8-a9a1-9445202c34ea,user_0211,one_timer,Madison,43.0731,-89.4012,2024-02-09
d734f9da-a6ab-4adb-95c8-c8ed161f2c25,user_0212,one_timer,Minneapolis,44.9778,-93.265,2024-09-24
1352bd49-3b86-42fd-9976-a80c1633eddb,user_0213,casual,Detroit,42.3314,-83.0458,2024-11-23
8a413caf-79c9-483a-a1d2-165867646597,user_0214,one_timer,Milwaukee,43.0389,-87.9065,2024-04-20
b212bd3a-d084-496e-a3c7-bb5067249851,user_0215,one_timer,Madison,43.0731,-89.4012,2024-10-23
3871b43b-c8c0-4407-a39c-6ac7dc33fcd7,user_0216,casual,Minneapolis,44.9778,-93.265,2024-05-16
9381ce0e-00c6-4b7d-8113-1d004bca2c79,user_0217,one_timer,Chicago,41.8781,-87.6298,2024-03-13
80f8b880-bf45-4d96-93e4-3554c15036d5,user_0218,one_timer,Chicago,41.8781,-87.6298,2024-10-01
a5d7b064-8971-4e00-84c6-4ee7dcd557fd,user_0219,power,Milwaukee,43.0389,-87.9065,2024-04-22
70b023ae-4e44-4d6c-bbdb-da9b656a3fa6,user_0220,casual,Detroit,42.3314,-83.0458,2024-06-09
b239df3c-8ff2-45db-a7ed-3da8ccfe6825,user_0221,one_timer,Detroit,42.3314,-83.0458,2024-05-23
93195e39-9cd3-4b09-a9e0-73d3e09a4af8,user_0222,regular,Chicago,41.8781,-87.6298,2024-07-15
e025f7b3-cafc-41d7-b064-51ad024fc340,user_0223,one_timer,Chicago,41.8781,-87.6298,2024-11-20
5c67639e-33d9-4db5-9033-670025eec2b6,user_0224,regular,Madison,43.0731,-89.4012,2024-06-13
f7824bac-712d-43ab-b02d-72794d325c3f,user_0225,one_timer,Minneapolis,44.9778,-93.265,2024-12-29
aeacd066-31eb-4ab7-93b5-1a8f3f11541a,user_0226,power,Minneapolis,44.9778,-93.265,2024-10-27
0b5603c8-c588-4d02-b3ee-09aa3b4157e9,user_0227,casual,Detroit,42.3314,-83.0458,2024-03-02
ba3b9385-8ea9-4141-a059-0a0f40972ee9,user_0228,casual,Chicago,41.8781,-87.6298,2024-09-27
f25e59e4-c504-4682-b35a-d44bb08be771,user_0229,one_timer,Minneapolis,44.9778,-93.265,2024-09-04
56af8eae-fbed-4b3e-a5bb-a723f1a8f7f0,user_0230,one_timer,Milwaukee,43.0389,-87.9065,2024-09-12
11488957-1d7f-4a68-850b-f6e654c1d83a,user_0231,one_timer,Detroit,42.3314,-83.0458,2024-01-02
6e871898-568c-499a-903c-17f2c95cf5df,user_0232,casual,Milwaukee,43.0389,-87.9065,2024-02-21
ac9f7873-e3f2-405f-b65d-7829ae40ca5f,user_0233,one_timer,Chicago,41.8781,-87.6298,2024-05-29
41950fcf-50ef-4e11-a617-15ae53658ca3,user_0234,regular,Milwaukee,43.0389,-87.9065,2024-03-29
01837db3-6c51-4d46-a1c3-c12b89825e3f,user_0235,one_timer,Chicago,41.8781,-87.6298,2024-03-08
59717c0f-0ccc-439f-87ca-172b1aa3ef83,user_0236,regular,Madison,43.0731,-89.4012,2024-08-20
3c29f40b-4005-4413-8a0b-d487dd14f4f7,user_0237,one_timer,Milwaukee,43.0389,-87.9065,2024-02-19
b668c16d-82a5-478f-860f-74454c516b3e,user_0238,casual,Chicago,41.8781,-87.6298,2024-10-14
d5fb8256-3248-4772-9d4c-ab7ea24183ba,user_0239,casual,Milwaukee,43.0389,-87.9065,2024-11-05
d7ccc1e5-2c48-4b40-b411-2892d72e5bba,user_0240,one_timer,Minneapolis,44.9778,-93.265,2024-02-28
f50d5c7c-f530-49b8-94c8-f3a44b54d0f1,user_0241,regular,Madison,43.0731,-89.4012,2024-04-15
7038296a-2289-440e-a5f5-568a147b69ec,user_0242,regular,Minneapolis,44.9778,-93.265,2024-10-09
c5870ecf-207e-47ae-ae41-7919257be997,user_0243,casual,Chicago,41.8781,-87.6298,2024-09-20
202a178e-e8cc-497e-b541-d18063a1868c,user_0244,casual,Detroit,42.3314,-83.0458,2024-08-06
d07c1f2b-aea8-4634-b4e5-ab3f0e67f507,user_0245,casual,Minneapolis,44.9778,-93.265,2024-12-23
eae88f80-9596-41af-9653-bc09a81d0209,user_0246,regular,Madison,43.0731,-89.4012,2024-12-12
cd33901e-87bb-43dc-aaac-9801f5c10f03,user_0247,one_timer,Milwaukee,43.0389,-87.9065,2024-06-29
4efdf5bf-4ba3-419a-87e5-cea2c5d79f3f,user_0248,regular,Chicago,41.8781,-87.6298,2024-07-10
7c32e6e1-403b-4104-aa42-ea5c867274bb,user_0249,regular,Detroit,42.3314,-83.0458,2024-03-30
6e907951-61e3-4aed-90d8-ae0be17d0841,user_0250,casual,Detroit,42.3314,-83.0458,2024-02-07
7604078f-ec06-47d9-a39a-8bf1d7bf0fe5,user_0251,one_timer,Milwaukee,43.0389,-87.9065,2024-05-07
eec21b63-5beb-46b3-b1b1-8759386bab82,user_0252,one_timer,Milwaukee,43.0389,-87.9065,2024-10-28
98f63e6c-4c1f-4dc0-82b3-cbd63644a700,user_0253,one_timer,Milwaukee,43.0389,-87.9065,2024-02-02
3804dd4a-945c-4181-acff-ab8a8f3c79b3,user_0254,one_timer,Chicago,41.8781,-87.6298,2024-09-25
bbc9493f-22ef-423d-8d13-facd4184cbe0,user_0255,regular,Madison,43.0731,-89.4012,2024-09-17
a4cb443a-fa2a-4bcc-b43a-fade1b921225,user_0256,casual,Chicago,41.8781,-87.6298,2024-10-18
104038f7-52ee-4c98-9212-58b44fd728fd,user_0257,one_timer,Chicago,41.8781,-87.6298,2024-03-20
bc56e6e0-13ef-4c0f-a6fe-9c5a590dd3c9,user_0258,regular,Chicago,41.8781,-87.6298,2024-02-26
0c9f1423-f727-4cd5-9c11-9f54a659d560,user_0259,casual,Minneapolis,44.9778,-93.265,2024-06-12
f02b0a26-c451-4ecb-a085-2dd436ec4198,user_0260,casual,Minneapolis,44.9778,-93.265,2024-06-18
8b9d9013-49ed-4415-8a1b-04a27145d3ed,user_0261,one_timer,Detroit,42.3314,-83.0458,2024-06-28
a39c62bc-8578-4889-978b-a725c69037fe,user_0262,power,Detroit,42.3314,-83.0458,2024-07-06
45ffa1b4-ef24-4b18-a11b-b141be2544e4,user_0263,casual,Madison,43.0731,-89.4012,2024-02-04
2147ccc2-2745-4cd7-9895-e1c781bc2196,user_0264,power,Madison,43.0731,-89.4012,2024-02-08
541ebc54-42cb-4f80-8358-2755e15379fa,user_0265,one_timer,Minneapolis,44.9778,-93.265,2024-10-04
74ceda6e-9ec8-4199-b610-97fd943fc29f,user_0266,one_timer,Minneapolis,44.9778,-93.265,2024-09-21
2a6c36a4-d9fe-4a5c-8322-8de836f6f5f5,user_0267,one_timer,Madison,43.0731,-89.4012,2024-07-31
de4c47d9-9bf7-4a70-90e8-9cc5ff588e34,user_0268,one_timer,Milwaukee,43.0389,-87.9065,2024-05-26
688dfe6b-128b-4c35-9a85-6bed6f0e037c,user_0269,power,Chicago,41.8781,-87.6298,2024-11-26
d6a44820-e73c-4481-bcbb-787d1e114247,user_0270,casual,Detroit,42.3314,-83.0458,2024-05-30
ef1407d6-aaff-437f-8046-db8c52fbc893,user_0271,casual,Detroit,42.3314,-83.0458,2024-03-09
a82dbf34-ecc4-4cdc-89e8-c91754a21160,user_0272,regular,Madison,43.0731,-89.4012,2024-11-21
6be39a7a-b405-405e-8097-085ec4eff96b,user_0273,one_timer,Minneapolis,44.9778,-93.265,2024-07-31
54bcabdf-bd73-4c49-a15c-e7f94439a5a2,user_0274,regular,Chicago,41.8781,-87.6298,2024-05-19
c81fa6f5-fb69-49fd-9261-622f8d694669,user_0275,casual,Minneapolis,44.9778,-93.265,2024-11-25
b35247be-aeda-4986-95fa-276c4fe1058e,user_0276,casual,Minneapolis,44.9778,-93.265,2024-11-14
4fc53d33-aa74-495c-a38e-03b7a7ec5aa3,user_0277,casual,Chicago,41.8781,-87.6298,2024-01-17
09235e73-4fb6-4c45-ba49-c6c2285207fe,user_0278,casual,Madison,43.0731,-89.4012,2024-07-09
9b0cf326-c6c2-4cad-99fa-a1812400c6e9,user_0279,one_timer,Madison,43.0731,-89.4012,2024-01-16
5fc500a6-4da5-4dea-9d13-54aec4215094,user_0280,casual,Chicago,41.8781,-87.6298,2024-06-08
2fef7f94-9ac1-4ec6-a7c7-6ccd9c915c61,user_0281,regular,Madison,43.0731,-89.4012,2024-10-05
ffee88fa-c20a-4396-a8cd-631dd70c25ca,user_0282,casual,Madison,43.0731,-89.4012,2024-01-25
3bd7a84f-81ac-4b08-928b-e975da01104c,user_0283,one_timer,Minneapolis,44.9778,-93.265,2024-09-27
130a64c5-6d73-4e83-9563-48702c991af6,user_0284,casual,Detroit,42.3314,-83.0458,2024-12-20
b6363a8f-8792-41cf-aab3-581f57fc5358,user_0285,casual,Madison,43.0731,-89.4012,2024-12-10
b135e706-7ee9-4ab5-917b-f4f1967a02ea,user_0286,one_timer,Minneapolis,44.9778,-93.265,2024-02-15
3a7a3ff0-d218-454f-9d05-c96aeed7d234,user_0287,regular,Chicago,41.8781,-87.6298,2024-09-03
6dcb2181-5e1e-4078-b011-40210ed7a117,user_0288,casual,Chicago,41.8781,-87.6298,2024-01-10
c1082cc3-a9c5-4f13-850b-cc51a323704a,user_0289,casual,Detroit,42.3314,-83.0458,2024-11-19
4d688a08-b68c-49ce-9d8a-735ef32dd501,user_0290,regular,Chicago,41.8781,-87.6298,2024-07-16
954ca534-fb20-425c-9774-b2c31da97ea6,user_0291,regular,Chicago,41.8781,-87.6298,2024-05-31
b119d9e2-a3b2-4335-aa4a-68eda104a223,user_0292,casual,Chicago,41.8781,-87.6298,2024-10-04
f6a60aee-f7b6-4a7f-926e-02f4dde8739e,user_0293,one_timer,Milwaukee,43.0389,-87.9065,2024-06-15
cd72b550-1ece-4915-a21a-faab09b58bf4,user_0294,casual,Milwaukee,43.0389,-87.9065,2024-10-03
87994fd6-35bd-4890-8908-068f8db34f1d,user_0295,regular,Detroit,42.3314,-83.0458,2024-01-09
026ae92a-e95b-4f22-8aed-4a30c81a9684,user_0296,one_timer,Minneapolis,44.9778,-93.265,2024-09-26
34e9f40c-ec10-46c7-8a5b-0b61618ffb30,user_0297,one_timer,Milwaukee,43.0389,-87.9065,2024-05-02
d1ce2c44-2e0e-4285-b813-5ff8bc07f6a2,user_0298,regular,Chicago,41.8781,-87.6298,2024-01-02
f01d4855-2aff-48b6-a1ff-0b86e23dca9b,user_0299,power,Milwaukee,43.0389,-87.9065,2024-12-11
fc175cd9-bccc-4b67-952b-f2a8566f279a,user_0300,regular,Madison,43.0731,-89.4012,2024-11-17
083e927c-3415-41ef-9b08-b34d68160729,user_0301,casual,Minneapolis,44.9778,-93.265,2024-07-12
6bfa317a-9d56-409d-9863-d7d2cb31fa7d,user_0302,one_timer,Detroit,42.3314,-83.0458,2024-07-04
f1f40919-d676-4846-ae98-04f31d7256ef,user_0303,casual,Chicago,41.8781,-87.6298,2024-05-11
c3533533-696a-4669-a2d0-ce07f73fcf20,user_0304,power,Madison,43.0731,-89.4012,2024-09-27
62a2b174-a2a4-4c98-84cf-86fb57a9ecf8,user_0305,casual,Madison,43.0731,-89.4012,2024-09-29
b19811a1-b4b2-4da9-a85b-54cd99ec5465,user_0306,casual,Detroit,42.3314,-83.0458,2024-06-27
a45278ed-6bac-4b49-b071-e1937eee0c27,user_0307,casual,Chicago,41.8781,-87.6298,2024-08-11
259a2da6-4720-4a1c-9005-a3a81ef0a44e,user_0308,power,Minneapolis,44.9778,-93.265,2024-10-27
69bef753-27f5-4a56-a003-d5cc5af3b61a,user_0309,casual,Milwaukee,43.0389,-87.9065,2024-05-18
e5250033-b920-410c-a6b6-d2722c48c128,user_0310,casual,Milwaukee,43.0389,-87.9065,2024-05-08
a775ffee-6a97-45ef-950c-93b4e49ab46e,user_0311,regular,Chicago,41.8781,-87.6298,2024-11-04
d5fa442a-1612-4d49-ac01-1e8937292ae7,user_0312,casual,Minneapolis,44.9778,-93.265,2024-06-28
42682837-6b4d-4f97-aec3-a16a45180a4b,user_0313,casual,Milwaukee,43.0389,-87.9065,2024-10-08
450a0aab-9cff-4af6-9295-b5da79b39988,user_0314,one_timer,Milwaukee,43.0389,-87.9065,2024-11-06
ae057f6e-36dc-4457-98c5-0247baad4942,user_0315,one_timer,Minneapolis,44.9778,-93.265,2024-04-29
fc9056c7-7ce1-4f35-9ed1-91391e49c925,user_0316,casual,Madison,43.0731,-89.4012,2024-08-10
559a008f-ac2b-489a-960d-c9a8908c9f7b,user_0317,casual,Chicago,41.8781,-87.6298,2024-11-01
a23294b3-e302-4abf-88dc-97683b8fedf0,user_0318,regular,Minneapolis,44.9778,-93.265,2024-12-09
54f3c99f-24a6-4598-9878-f82e6a981f0d,user_0319,casual,Madison,43.0731,-89.4012,2024-08-06
2064dc34-73f6-4cd4-a173-a788f06aa651,user_0320,regular,Chicago,41.8781,-87.6298,2024-05-25
814e226e-2d5c-4d07-9b6f-d026b75fb8c4,user_0321,casual,Minneapolis,44.9778,-93.265,2024-06-10
881fa249-3342-4907-b570-18574fbb3942,user_0322,one_timer,Minneapolis,44.9778,-93.265,2024-12-02
e8885303-c5a0-40db-b887-8a9133b96bd3,user_0323,power,Minneapolis,44.9778,-93.265,2024-04-24
4fd69210-4ec7-4a2b-9b07-7451e77ed173,user_0324,one_timer,Madison,43.0731,-89.4012,2024-08-03
6b3a36ac-0d53-4eb1-82f9-ac93253eceff,user_0325,regular,Chicago,41.8781,-87.6298,2024-12-12
59c9f928-f501-49f3-9f80-bb9731c1521b,user_0326,casual,Milwaukee,43.0389,-87.9065,2024-06-20
3fdc7766-6536-44d5-9aac-bc28b6df1800,user_0327,one_timer,Madison,43.0731,-89.4012,2024-08-16
138ea2ec-f849-4a58-b682-a42c761d87d1,user_0328,one_timer,Chicago,41.8781,-87.6298,2024-04-19
80721aa5-a9cb-4e7f-8eec-5df020119626,user_0329,one_timer,Madison,43.0731,-89.4012,2024-06-16
e11f4968-632d-4a12-8f8f-e6abed14fec6,user_0330,casual,Milwaukee,43.0389,-87.9065,2024-06-11
81668a17-1efe-4f73-b435-c390fc77b621,user_0331,one_timer,Milwaukee,43.0389,-87.9065,2024-11-10
66491551-27f7-48d5-9437-788a288c2556,user_0332,one_timer,Minneapolis,44.9778,-93.265,2024-01-31
36105c90-1312-422b-8481-4b3c7bde4893,user_0333,regular,Detroit,42.3314,-83.0458,2024-08-10
7ffdc204-fd8a-4fc1-ac3c-a85167ae2aba,user_0334,power,Detroit,42.3314,-83.0458,2024-12-26
95e7915a-254e-49fe-9cd0-18dc237a6d59,user_0335,casual,Milwaukee,43.0389,-87.9065,2024-07-09
8d497583-85ee-4fa7-b875-fd7837d734ef,user_0336,regular,Minneapolis,44.9778,-93.265,2024-10-05
74e50b02-245c-42db-8d38-f907a75851db,user_0337,casual,Chicago,41.8781,-87.6298,2024-12-01
abafb729-953f-43d1-bc94-0ec402d8d1cd,user_0338,casual,Detroit,42.3314,-83.0458,2024-02-14
67e13709-1e1b-4b56-8a42-3aed0ec519bb,user_0339,one_timer,Minneapolis,44.9778,-93.265,2024-10-28
726ed15a-451c-4a24-8bd1-710eda3e0a4b,user_0340,casual,Madison,43.0731,-89.4012,2024-07-07
a117d029-cfe0-491b-a96f-56609de72cbe,user_0341,casual,Madison,43.0731,-89.4012,2024-02-02
292a6a81-879f-4aa6-8fbe-928e070d6c7a,user_0342,power,Detroit,42.3314,-83.0458,2024-01-11
5aea00de-b4da-4f7e-af1b-01b94e173af6,user_0343,casual,Detroit,42.3314,-83.0458,2024-06-23
a9f778b0-31a6-40f8-98e6-ece560f72da5,user_0344,one_timer,Detroit,42.3314,-83.0458,2024-04-06
1398c80b-7986-4c93-894c-6e29903bb023,user_0345,one_timer,Detroit,42.3314,-83.0458,2024-05-13
fad4d88b-0dcc-4c85-8cc6-8ec365f005f7,user_0346,one_timer,Milwaukee,43.0389,-87.9065,2024-07-27
02f2ef05-4b66-45d5-858c-0d4631f683d3,user_0347,regular,Madison,43.0731,-89.4012,2024-01-17
a190a8e1-ab2c-412c-9318-bcdd35592cb6,user_0348,regular,Madison,43.0731,-89.4012,2024-12-20
360f3da4-67a7-488a-8420-5e75e5e999cf,user_0349,power,Milwaukee,43.0389,-87.9065,2024-07-21
731af187-92d5-4046-9b6f-8b56fb5cd66a,user_0350,regular,Detroit,42.3314,-83.0458,2024-09-29
383b0726-8612-41ff-980b-15bca197d05e,user_0351,casual,Chicago,41.8781,-87.6298,2024-12-21
95ad15c2-3761-4a3e-975e-a80a6d0f34a5,user_0352,casual,Minneapolis,44.9778,-93.265,2024-10-05
8974a1f0-389d-4ff8-976a-a31aba4d803b,user_0353,regular,Madison,43.0731,-89.4012,2024-11-24
0843f043-4b09-4390-b60c-241826e71042,user_0354,one_timer,Chicago,41.8781,-87.6298,2024-11-21
c2e58a3e-6dd0-45a9-b557-07978be7efdb,user_0355,one_timer,Minneapolis,44.9778,-93.265,2024-10-02
21912c72-0ee8-427a-89e0-03541bbf5f52,user_0356,casual,Detroit,42.3314,-83.0458,2024-11-06
e175c438-9b65-47bf-b8c2-a21c772526a9,user_0357,casual,Madison,43.0731,-89.4012,2024-08-16
9e45b41f-3581-4370-8f79-5f77ec19a848,user_0358,casual,Chicago,41.8781,-87.6298,2024-05-25
f58e4b5f-19e0-4040-b45d-20424af0cd2d,user_0359,casual,Detroit,42.3314,-83.0458,2024-06-11
44f73918-aa86-4b42-9a80-a5314affc1d8,user_0360,regular,Detroit,42.3314,-83.0458,2024-05-17
a87a63e9-7d94-4581-a6d8-91c12ef32d11,user_0361,casual,Milwaukee,43.0389,-87.9065,2024-02-08
bcb469de-9510-4c9e-a817-36f6c5cc1152,user_0362,one_timer,Detroit,42.3314,-83.0458,2024-03-09
7785fec6-630e-499a-ad19-430f5f06663b,user_0363,regular,Chicago,41.8781,-87.6298,2024-10-26
b008a8d5-a664-448a-b9b7-b1d40a49c61b,user_0364,one_timer,Milwaukee,43.0389,-87.9065,2024-11-04
0b7a91a0-ffac-45db-af58-67230400b0ba,user_0365,one_timer,Milwaukee,43.0389,-87.9065,2024-06-02
505892b1-9852-4b31-99b0-e481f33f0c6a,user_0366,regular,Milwaukee,43.0389,-87.9065,2024-12-29
cf1abab5-7095-4376-8e44-464a435ee04f,user_0367,casual,Madison,43.0731,-89.4012,2024-08-16
8c2c81de-dea3-4b35-bd64-13005546ac75,user_0368,casual,Chicago,41.8781,-87.6298,2024-08-13
5b4ba5f5-8cf7-47d2-bfce-59be31a0bfdc,user_0369,casual,Minneapolis,44.9778,-93.265,2024-10-12
06e69de6-5e4a-4516-a503-e231577496c1,user_0370,casual,Milwaukee,43.0389,-87.9065,2024-11-19
6befba65-ab0d-405e-94ee-30e1d8246285,user_0371,casual,Madison,43.0731,-89.4012,2024-04-17
2ba58d80-4025-475f-a64f-52f7252d73ad,user_0372,one_timer,Milwaukee,43.0389,-87.9065,2024-12-28
616c6bb2-7d3c-4fa7-9614-b9ff1b61876b,user_0373,one_timer,Chicago,41.8781,-87.6298,2024-01-12
525dbd21-cde5-47e2-8110-b48a575fe105,user_0374,one_timer,Detroit,42.3314,-83.0458,2024-09-22
29263aab-cc17-4258-a935-1c176ad009e5,user_0375,casual,Minneapolis,44.9778,-93.265,2024-07-22
ed88ce52-3f2d-4237-b48f-c9afe15e71b0,user_0376,regular,Detroit,42.3314,-83.0458,2024-12-05
d4370e56-c029-46da-b0ee-e89b6812c1c1,user_0377,power,Chicago,41.8781,-87.6298,2024-03-12
816b5904-1fc8-4b24-8995-7a18f5ebb50d,user_0378,regular,Detroit,42.3314,-83.0458,2024-11-07
cf6408c5-0d6f-4260-9e25-4b647a3424d0,user_0379,casual,Milwaukee,43.0389,-87.9065,2024-11-29
f2079dd4-1e9d-4190-92ac-d3d687162036,user_0380,casual,Madison,43.0731,-89.4012,2024-06-28
e0d5cd3b-55dc-4a07-b86b-59a3a96653aa,user_0381,one_timer,Detroit,42.3314,-83.0458,2024-08-31
fdfa0f70-0bd5-42c3-8a5a-ea7377c088e2,user_0382,regular,Madison,43.0731,-89.4012,2024-04-19
56f57bdc-5207-4c4c-9a6c-309fc1965868,user_0383,power,Milwaukee,43.0389,-87.9065,2024-03-24
e3a6ce98-4ac2-4528-bfe6-f209352597e1,user_0384,casual,Detroit,42.3314,-83.0458,2024-10-31
c7a4f247-41d7-4f41-bf2c-900fa097b84b,user_0385,one_timer,Madison,43.0731,-89.4012,2024-10-27
ab064130-4ce2-4f57-9155-a756ca5bd803,user_0386,one_timer,Chicago,41.8781,-87.6298,2024-05-03
c85c9b76-2325-4b92-9270-71488089f651,user_0387,casual,Madison,43.0731,-89.4012,2024-06-14
cceb459f-b86d-470d-a435-5044e45b8b90,user_0388,one_timer,Chicago,41.8781,-87.6298,2024-11-29
8ff8820b-103c-479b-abe3-f214a6255987,user_0389,one_timer,Madison,43.0731,-89.4012,2024-07-28
817f1f80-53d2-4e59-a423-89e5b3a9dfb6,user_0390,regular,Madison,43.0731,-89.4012,2024-03-23
9b971286-74d4-40da-9fde-c79c0312c7c9,user_0391,one_timer,Chicago,41.8781,-87.6298,2024-02-26
6822eb4c-2fe3-44fb-a6a3-b23a739f10d9,user_0392,casual,Madison,43.0731,-89.4012,2024-03-01
b9519337-c516-4a2e-9b42-9d45cdae3206,user_0393,one_timer,Milwaukee,43.0389,-87.9065,2024-05-23
f971e5ad-fc81-4621-ac3f-e517d47cf835,user_0394,one_timer,Detroit,42.3314,-83.0458,2024-07-22
fae17aca-d5ab-46fb-91e2-a2c47a1e315b,user_0395,one_timer,Madison,43.0731,-89.4012,2024-02-20
27474b7f-f444-4ac1-a847-051ccbafc9eb,user_0396,casual,Milwaukee,43.0389,-87.9065,2024-08-31
14c49598-4f33-4270-ab48-a1424a2e1134,user_0397,regular,Chicago,41.8781,-87.6298,2024-11-21
6509798b-921b-461a-a5f7-97286d65bdd2,user_0398,one_timer,Madison,43.0731,-89.4012,2024-02-04
60065e50-4bb2-4391-b222-38543ea28691,user_0399,casual,Minneapolis,44.9778,-93.265,2024-10-12
c2ff142b-6fd0-4fbc-a53f-f7d29f31f5d5,user_0400,power,Madison,43.0731,-89.4012,2024-05-28
d9a35cf3-a98f-4f37-9779-6867fe990d35,user_0401,casual,Detroit,42.3314,-83.0458,2024-04-25
08cbd9ae-d321-46b0-85ba-6afeb39b67f2,user_0402,casual,Detroit,42.3314,-83.0458,2024-04-13
9363d99b-0d85-49b6-9e19-a74006330db9,user_0403,one_timer,Chicago,41.8781,-87.6298,2024-08-24
1cd6b2a9-d8c9-4f35-901e-f2d5a89ef72c,user_0404,regular,Detroit,42.3314,-83.0458,2024-04-24
f9825c41-6862-47d3-a606-29deee0e38ce,user_0405,casual,Detroit,42.3314,-83.0458,2024-11-01
2b3d464d-b532-4fa1-bddb-e3b083985eb8,user_0406,regular,Madison,43.0731,-89.4012,2024-05-02
5638c2fb-bfe1-44d7-a99e-25e634980158,user_0407,casual,Detroit,42.3314,-83.0458,2024-04-30
39016ed4-36c1-4666-913b-b18e8f5c8159,user_0408,casual,Minneapolis,44.9778,-93.265,2024-06-11
c3fca705-cd28-41c0-bcec-690d4b255ae6,user_0409,regular,Chicago,41.8781,-87.6298,2024-12-03
23b3a77e-c5c4-474c-a8ca-297432433dda,user_0410,casual,Chicago,41.8781,-87.6298,2024-07-09
d5b70b10-c984-4886-9c52-58a0e43aa501,user_0411,casual,Milwaukee,43.0389,-87.9065,2024-08-25
b75a1db8-c69b-4551-91bf-b937d251c6e4,user_0412,casual,Chicago,41.8781,-87.6298,2024-10-03
75f0e178-edf6-403e-bc64-8c1aec0bca0f,user_0413,one_timer,Chicago,41.8781,-87.6298,2024-01-24
311484f6-7422-4805-a549-39884a900be6,user_0414,one_timer,Minneapolis,44.9778,-93.265,2024-04-09
d676fe5f-b73d-46d0-82a2-8a9a6558c507,user_0415,regular,Milwaukee,43.0389,-87.9065,2024-02-08
3fb3bec0-c59f-4440-bbcd-48228c724236,user_0416,one_timer,Madison,43.0731,-89.4012,2024-11-21
e61218ff-ce7f-44ac-8756-66aaf2ddda13,user_0417,one_timer,Madison,43.0731,-89.4012,2024-03-20
dee342d0-4f87-4ae5-be75-42a5ed09e31f,user_0418,regular,Chicago,41.8781,-87.6298,2024-04-24
168218bc-79ba-4142-adfd-4b9957c66bad,user_0419,one_timer,Minneapolis,44.9778,-93.265,2024-12-09
5e1fcc54-8b18-4899-8387-b904176be467,user_0420,regular,Madison,43.0731,-89.4012,2024-05-27
ec2275cc-58ba-4fe1-a82e-0774e17f3b26,user_0421,casual,Chicago,41.8781,-87.6298,2024-12-05
efdd27bd-5f34-4552-9160-e3b8372acfc7,user_0422,power,Chicago,41.8781,-87.6298,2024-08-11
7d728832-bf9e-4622-ab40-d5f5b31435e5,user_0423,power,Minneapolis,44.9778,-93.265,2024-11-07
bec9a960-cd24-4f90-8d14-d986b6ba4208,user_0424,one_timer,Minneapolis,44.9778,-93.265,2024-03-02
853ee20d-7e44-43d6-b101-38c573e0448f,user_0425,regular,Minneapolis,44.9778,-93.265,2024-03-16
d044138f-b562-449b-a965-189c5c98ebd8,user_0426,casual,Detroit,42.3314,-83.0458,2024-02-17
8eaa9194-9aed-4a92-a27a-d27bf343d0d7,user_0427,casual,Minneapolis,44.9778,-93.265,2024-11-15
705e18c8-fe59-41d9-87f8-350045013f82,user_0428,casual,Detroit,42.3314,-83.0458,2024-03-12
6fdfbd33-b2c4-4b3a-b6ac-73319759e063,user_0429,casual,Chicago,41.8781,-87.6298,2024-11-29
f3bafc7d-817d-49d4-affd-8d89d3564003,user_0430,one_timer,Madison,43.0731,-89.4012,2024-02-27
6bd9cb22-12e8-411c-ac33-ce2450a12a78,user_0431,casual,Chicago,41.8781,-87.6298,2024-12-05
4706a9a3-3619-4572-a8f7-884afb0b393b,user_0432,casual,Detroit,42.3314,-83.0458,2024-09-28
5c5d5851-71b3-4ea5-8923-25bbdec058f2,user_0433,regular,Minneapolis,44.9778,-93.265,2024-01-23
0b88df00-6e81-4eba-9c91-d881a0056e50,user_0434,casual,Madison,43.0731,-89.4012,2024-02-18
7f00ac0e-d334-4ef2-8592-5dd353aab08f,user_0435,regular,Minneapolis,44.9778,-93.265,2024-09-29
be339cff-4177-4353-99ed-c22d8af6c6d1,user_0436,casual,Madison,43.0731,-89.4012,2024-06-27
83b19d4d-219e-4da9-82fa-d77593153bad,user_0437,casual,Detroit,42.3314,-83.0458,2024-03-26
9019f535-d6eb-4b83-8c7f-f2ddc3a1a67e,user_0438,one_timer,Milwaukee,43.0389,-87.9065,2024-05-22
8a689c56-5823-4797-a933-4aba589512e4,user_0439,power,Milwaukee,43.0389,-87.9065,2024-04-02
b7bd69fd-232b-4fff-aabf-3a24370a1efe,user_0440,one_timer,Chicago,41.8781,-87.6298,2024-07-29
93fff333-b845-46e2-bb6a-318b8478f4a5,user_0441,regular,Detroit,42.3314,-83.0458,2024-06-17
27293146-04c9-4e03-87a4-5ce3aaa40d8a,user_0442,casual,Milwaukee,43.0389,-87.9065,2024-11-11
9496b689-7fb3-4692-bf8b-d0659e469813,user_0443,casual,Chicago,41.8781,-87.6298,2024-04-08
a8402b89-cb16-41eb-931b-19b51cf386cf,user_0444,one_timer,Detroit,42.3314,-83.0458,2024-08-25
b7dbcaf6-2e29-45b9-8855-ff68081ec6da,user_0445,casual,Chicago,41.8781,-87.6298,2024-09-21
b517ff03-8877-4f87-aa24-f8b8b0c78551,user_0446,regular,Chicago,41.8781,-87.6298,2024-03-28
38a01afe-5088-47a8-bb54-2a5595c5ba21,user_0447,casual,Madison,43.0731,-89.4012,2024-10-04
e43d4b4a-8fe1-4c8c-bf8f-3006ef3bcfa2,user_0448,one_timer,Detroit,42.3314,-83.0458,2024-02-17
d14953d8-bd1f-4c86-88ad-61351e6ad9db,user_0449,one_timer,Madison,43.0731,-89.4012,2024-04-04
8e3c82f5-5aa9-4386-ba1a-3cecd9cb528a,user_0450,casual,Minneapolis,44.9778,-93.265,2024-01-09
9358b8ae-28e5-4ca7-8ef1-f237a21c4f70,user_0451,one_timer,Chicago,41.8781,-87.6298,2024-09-02
114a13d1-a71b-4fd8-8952-365c04ef9570,user_0452,regular,Madison,43.0731,-89.4012,2024-08-15
a855a6a8-0dff-4545-9598-5fc74049dc77,user_0453,regular,Minneapolis,44.9778,-93.265,2024-11-03
8ef7c03c-a930-4a8a-8470-682262a8ed32,user_0454,one_timer,Madison,43.0731,-89.4012,2024-06-19
75500ca5-6d0c-499e-9f81-d69147e59671,user_0455,casual,Chicago,41.8781,-87.6298,2024-03-08
c0caca13-67d7-4739-9036-5b6882c5cea6,user_0456,one_timer,Detroit,42.3314,-83.0458,2024-01-17
2d03c1f1-4851-46a0-805d-b515172ac281,user_0457,one_timer,Milwaukee,43.0389,-87.9065,2024-12-24
43087fa3-e215-4486-997c-0f5264b009c2,user_0458,regular,Detroit,42.3314,-83.0458,2024-07-16
bdc1b2e6-6839-4e0b-8d12-4afadd7d4e01,user_0459,one_timer,Milwaukee,43.0389,-87.9065,2024-12-25
b3ad7c02-eb90-47fa-8355-bed11101c080,user_0460,one_timer,Minneapolis,44.9778,-93.265,2024-10-28
f0181d41-db45-4538-9d97-bc0060f4541f,user_0461,power,Detroit,42.3314,-83.0458,2024-09-22
d4e014ef-3be4-43fa-88e0-bf6975202e9c,user_0462,one_timer,Detroit,42.3314,-83.0458,2024-03-19
e143caad-93bb-4a43-8142-2732eb3888c6,user_0463,one_timer,Madison,43.0731,-89.4012,2024-12-06
71fdcf55-d2f2-4950-99d5-12eedab0a4ae,user_0464,regular,Minneapolis,44.9778,-93.265,2024-03-18
461108cc-7b8e-4bcf-a937-50d9fdc49170,user_0465,casual,Minneapolis,44.9778,-93.265,2024-09-12
5d40db3a-4b37-4cc8-8938-47ce02b1d62d,user_0466,casual,Madison,43.0731,-89.4012,2024-11-01
e9418284-bf75-4cba-9316-ab655a158d2b,user_0467,regular,Madison,43.0731,-89.4012,2024-10-21
6053021e-ccb6-450a-8adb-776d77141bde,user_0468,casual,Detroit,42.3314,-83.0458,2024-05-13
6b94df36-7de9-4fce-b19f-d1999dc6bb72,user_0469,one_timer,Detroit,42.3314,-83.0458,2024-12-14
785926d6-80b6-437d-882e-d395fe400803,user_0470,one_timer,Minneapolis,44.9778,-93.265,2024-11-17
5b6e3794-a05c-45cf-aa9b-e14145a55263,user_0471,casual,Detroit,42.3314,-83.0458,2024-04-08
850ac27a-a1a9-4a2d-8503-20703ad30e4b,user_0472,one_timer,Milwaukee,43.0389,-87.9065,2024-04-18
c0078f74-092d-4628-9fab-3e6d52b879ba,user_0473,regular,Milwaukee,43.0389,-87.9065,2024-03-09
cf2af932-8786-4ef7-a3bc-80f70ea1c1d4,user_0474,casual,Chicago,41.8781,-87.6298,2024-03-06
a7765eed-f13c-4b8c-b3d0-d856f6bd9cc9,user_0475,power,Milwaukee,43.0389,-87.9065,2024-08-30
4273977a-4986-4114-bf0b-6936d88ccaae,user_0476,casual,Chicago,41.8781,-87.6298,2024-01-12
4344779a-9c6e-404f-ac94-875971abd1af,user_0477,casual,Milwaukee,43.0389,-87.9065,2024-05-08
fdfcfe99-0d96-4b01-99e6-23a06f2dd002,user_0478,regular,Detroit,42.3314,-83.0458,2024-11-10
f294ca90-c130-45be-94cf-07ec0d1c4a48,user_0479,regular,Madison,43.0731,-89.4012,2024-01-18
5e3a3298-dc7b-46a9-8bcc-37c2f7b69ea1,user_0480,regular,Madison,43.0731,-89.4012,2024-07-12
3e22aa3e-2316-40ea-85df-5d85268bd162,user_0481,power,Milwaukee,43.0389,-87.9065,2024-09-26
2693a9c8-23e7-4c1f-9e0d-79ec31aacad4,user_0482,power,Madison,43.0731,-89.4012,2024-03-14
5660b019-bed3-4c5a-b0dc-a18ddb59ac91,user_0483,casual,Detroit,42.3314,-83.0458,2024-01-10
524b0e0c-b6f9-4f64-942c-e1ed38865822,user_0484,casual,Minneapolis,44.9778,-93.265,2024-09-27
1ad44e46-f1f5-400a-b01e-33201c244cd0,user_0485,regular,Chicago,41.8781,-87.6298,2024-10-09
9fffec16-0533-4a3d-8ba0-6b0771939c9c,user_0486,casual,Madison,43.0731,-89.4012,2024-07-25
e2d32fdc-a215-4763-b35b-cdeded188400,user_0487,one_timer,Minneapolis,44.9778,-93.265,2024-08-01
a3cbb1ef-9d7b-4da7-8881-8fbd900f63e6,user_0488,one_timer,Milwaukee,43.0389,-87.9065,2024-01-01
497097c7-1b4c-405f-a5a6-bfb00013aa61,user_0489,casual,Milwaukee,43.0389,-87.9065,2024-01-04
684ce5c3-fb76-4fc5-a8f8-da229cb7759a,user_0490,regular,Chicago,41.8781,-87.6298,2024-08-30
eb73705f-ac3f-414a-93cb-9bd86549224b,user_0491,one_timer,Chicago,41.8781,-87.6298,2024-04-08
916d7b48-2916-4ae6-861d-3707f41b6cee,user_0492,regular,Milwaukee,43.0389,-87.9065,2024-01-28
d929d1e0-3d0a-458a-b0ce-c198b14d151b,user_0493,regular,Chicago,41.8781,-87.6298,2024-07-07
a2566a41-a170-4559-a1e6-af06a57ef17c,user_0494,regular,Milwaukee,43.0389,-87.9065,2024-06-07
eacb4269-f3af-49c8-922c-3dca105d3ce4,user_0495,regular,Chicago,41.8781,-87.6298,2024-05-04
36790417-9e9d-479e-b022-bbd77318418e,user_0496,one_timer,Minneapolis,44.9778,-93.265,2024-06-05
cea2165a-7713-4120-9c98-12cbb2443904,user_0497,power,Chicago,41.8781,-87.6298,2024-04-27
e3207bfe-b46d-42d7-a9c5-d9b1484f1394,user_0498,regular,Milwaukee,43.0389,-87.9065,2024-01-08
746090b8-ee42-4b51-968b-a5ddba49d669,user_0499,casual,Minneapolis,44.9778,-93.265,2024-01-13
